,eps_factor,pH,ionic,fasta
FUS,0.2,5.5,0.15,"['M', 'A', 'S', 'N', 'D', 'Y', 'T', 'Q', 'Q', 'A', 'T', 'Q', 'S', 'Y', 'G', 'A', 'Y', 'P', 'T', 'Q', 'P', 'G', 'Q', 'G', 'Y', 'S', 'Q', 'Q', 'S', 'S', 'Q', 'P', 'Y', 'G', 'Q', 'Q', 'S', 'Y', 'S', 'G', 'Y', 'S', 'Q', 'S', 'T', 'D', 'T', 'S', 'G', 'Y', 'G', 'Q', 'S', 'S', 'Y', 'S', 'S', 'Y', 'G', 'Q', 'S', 'Q', 'N', 'T', 'G', 'Y', 'G', 'T', 'Q', 'S', 'T', 'P', 'Q', 'G', 'Y', 'G', 'S', 'T', 'G', 'G', 'Y', 'G', 'S', 'S', 'Q', 'S', 'S', 'Q', 'S', 'S', 'Y', 'G', 'Q', 'Q', 'S', 'S', 'Y', 'P', 'G', 'Y', 'G', 'Q', 'Q', 'P', 'A', 'P', 'S', 'S', 'T', 'S', 'G', 'S', 'Y', 'G', 'S', 'S', 'S', 'Q', 'S', 'S', 'S', 'Y', 'G', 'Q', 'P', 'Q', 'S', 'G', 'S', 'Y', 'S', 'Q', 'Q', 'P', 'S', 'Y', 'G', 'G', 'Q', 'Q', 'Q', 'S', 'Y', 'G', 'Q', 'Q', 'Q', 'S', 'Y', 'N', 'P', 'P', 'Q', 'G', 'Y', 'G', 'Q', 'Q', 'N', 'Q', 'Y', 'N', 'S']"
M10R,0.2,7.0,0.15,"['G', 'S', 'M', 'A', 'S', 'A', 'S', 'S', 'S', 'Q', 'G', 'G', 'S', 'S', 'G', 'S', 'G', 'N', 'F', 'G', 'G', 'G', 'G', 'G', 'G', 'G', 'F', 'G', 'G', 'N', 'D', 'N', 'F', 'G', 'G', 'G', 'G', 'N', 'F', 'S', 'G', 'S', 'G', 'G', 'F', 'G', 'G', 'S', 'G', 'G', 'G', 'G', 'G', 'Y', 'G', 'G', 'S', 'G', 'D', 'G', 'Y', 'N', 'G', 'F', 'G', 'N', 'D', 'G', 'S', 'N', 'F', 'G', 'G', 'G', 'G', 'S', 'Y', 'N', 'D', 'F', 'G', 'N', 'Y', 'N', 'N', 'Q', 'S', 'S', 'N', 'F', 'G', 'P', 'M', 'K', 'G', 'G', 'N', 'F', 'G', 'G', 'S', 'S', 'S', 'G', 'P', 'Y', 'G', 'G', 'G', 'G', 'Q', 'Y', 'F', 'A', 'K', 'P', 'G', 'N', 'Q', 'G', 'G', 'Y', 'G', 'G', 'S', 'S', 'S', 'S', 'S', 'S', 'Y', 'G', 'S', 'G', 'G', 'G', 'F']"
P7FM7Y,0.2,7.0,0.15,"['G', 'S', 'M', 'A', 'S', 'A', 'S', 'S', 'S', 'Q', 'R', 'G', 'R', 'S', 'G', 'S', 'G', 'N', 'F', 'G', 'G', 'G', 'R', 'G', 'G', 'G', 'F', 'G', 'G', 'N', 'D', 'N', 'F', 'G', 'R', 'G', 'G', 'N', 'F', 'S', 'G', 'R', 'G', 'G', 'F', 'G', 'G', 'S', 'R', 'G', 'G', 'G', 'G', 'F', 'G', 'G', 'S', 'G', 'D', 'G', 'F', 'N', 'G', 'F', 'G', 'N', 'D', 'G', 'S', 'N', 'F', 'G', 'G', 'G', 'G', 'S', 'F', 'N', 'D', 'F', 'G', 'N', 'F', 'N', 'N', 'Q', 'S', 'S', 'N', 'F', 'G', 'P', 'M', 'K', 'G', 'G', 'N', 'F', 'G', 'G', 'R', 'S', 'S', 'G', 'G', 'S', 'G', 'G', 'G', 'G', 'Q', 'F', 'F', 'A', 'K', 'P', 'R', 'N', 'Q', 'G', 'G', 'F', 'G', 'G', 'S', 'S', 'S', 'S', 'S', 'S', 'F', 'G', 'S', 'G', 'R', 'R', 'F']"
M8FP4Y,0.2,7.0,0.15,"['G', 'S', 'M', 'A', 'S', 'A', 'S', 'S', 'S', 'Q', 'R', 'G', 'R', 'S', 'G', 'S', 'G', 'N', 'F', 'G', 'G', 'G', 'R', 'G', 'G', 'G', 'Y', 'G', 'G', 'N', 'D', 'N', 'G', 'G', 'R', 'G', 'G', 'N', 'Y', 'S', 'G', 'R', 'G', 'G', 'F', 'G', 'G', 'S', 'R', 'G', 'G', 'G', 'G', 'Y', 'G', 'G', 'S', 'G', 'D', 'G', 'Y', 'N', 'G', 'G', 'G', 'N', 'D', 'G', 'S', 'N', 'Y', 'G', 'G', 'G', 'G', 'S', 'Y', 'N', 'D', 'S', 'G', 'N', 'Y', 'N', 'N', 'Q', 'S', 'S', 'N', 'F', 'G', 'P', 'M', 'K', 'G', 'G', 'N', 'Y', 'G', 'G', 'R', 'S', 'S', 'G', 'G', 'S', 'G', 'G', 'G', 'G', 'Q', 'Y', 'G', 'A', 'K', 'P', 'R', 'N', 'Q', 'G', 'G', 'Y', 'G', 'G', 'S', 'S', 'S', 'S', 'S', 'S', 'Y', 'G', 'S', 'G', 'R', 'R', 'F']"
M4D,0.2,7.0,0.15,"['G', 'S', 'M', 'A', 'S', 'A', 'S', 'S', 'S', 'Q', 'R', 'G', 'R', 'S', 'G', 'S', 'G', 'N', 'F', 'G', 'G', 'G', 'R', 'G', 'G', 'G', 'F', 'G', 'G', 'N', 'G', 'N', 'F', 'G', 'R', 'G', 'G', 'N', 'F', 'S', 'G', 'R', 'G', 'G', 'F', 'G', 'G', 'S', 'R', 'G', 'G', 'G', 'G', 'Y', 'G', 'G', 'S', 'G', 'G', 'G', 'Y', 'N', 'G', 'F', 'G', 'N', 'S', 'G', 'S', 'N', 'F', 'G', 'G', 'G', 'G', 'S', 'Y', 'N', 'G', 'F', 'G', 'N', 'Y', 'N', 'N', 'Q', 'S', 'S', 'N', 'F', 'G', 'P', 'M', 'K', 'G', 'G', 'N', 'F', 'G', 'G', 'R', 'S', 'S', 'G', 'P', 'Y', 'G', 'G', 'G', 'G', 'Q', 'Y', 'F', 'A', 'K', 'P', 'R', 'N', 'Q', 'G', 'G', 'Y', 'G', 'G', 'S', 'S', 'S', 'S', 'S', 'S', 'Y', 'G', 'S', 'G', 'R', 'R', 'F']"
P4D,0.2,7.0,0.15,"['G', 'S', 'M', 'A', 'S', 'A', 'S', 'S', 'S', 'Q', 'R', 'D', 'R', 'S', 'G', 'S', 'G', 'N', 'F', 'G', 'G', 'G', 'R', 'G', 'G', 'G', 'F', 'G', 'G', 'N', 'D', 'N', 'F', 'G', 'R', 'G', 'G', 'N', 'F', 'S', 'G', 'R', 'G', 'D', 'F', 'G', 'G', 'S', 'R', 'G', 'G', 'G', 'G', 'Y', 'G', 'G', 'S', 'G', 'D', 'G', 'Y', 'N', 'G', 'F', 'G', 'N', 'D', 'G', 'S', 'N', 'F', 'G', 'G', 'G', 'G', 'S', 'Y', 'N', 'D', 'F', 'G', 'N', 'Y', 'N', 'N', 'Q', 'S', 'S', 'N', 'F', 'G', 'P', 'M', 'K', 'G', 'G', 'N', 'F', 'G', 'G', 'R', 'S', 'S', 'D', 'P', 'Y', 'G', 'G', 'G', 'G', 'Q', 'Y', 'F', 'A', 'K', 'P', 'R', 'N', 'Q', 'G', 'G', 'Y', 'G', 'G', 'S', 'S', 'S', 'S', 'S', 'S', 'Y', 'D', 'S', 'G', 'R', 'R', 'F']"
M6R,0.2,7.0,0.15,"['G', 'S', 'M', 'A', 'S', 'A', 'S', 'S', 'S', 'Q', 'G', 'G', 'R', 'S', 'G', 'S', 'G', 'N', 'F', 'G', 'G', 'G', 'R', 'G', 'G', 'G', 'F', 'G', 'G', 'N', 'D', 'N', 'F', 'G', 'G', 'G', 'G', 'N', 'F', 'S', 'G', 'S', 'G', 'G', 'F', 'G', 'G', 'S', 'R', 'G', 'G', 'G', 'G', 'Y', 'G', 'G', 'S', 'G', 'D', 'G', 'Y', 'N', 'G', 'F', 'G', 'N', 'D', 'G', 'S', 'N', 'F', 'G', 'G', 'G', 'G', 'S', 'Y', 'N', 'D', 'F', 'G', 'N', 'Y', 'N', 'N', 'Q', 'S', 'S', 'N', 'F', 'G', 'P', 'M', 'K', 'G', 'G', 'N', 'F', 'G', 'G', 'S', 'S', 'S', 'G', 'P', 'Y', 'G', 'G', 'G', 'G', 'Q', 'Y', 'F', 'A', 'K', 'P', 'G', 'N', 'Q', 'G', 'G', 'Y', 'G', 'G', 'S', 'S', 'S', 'S', 'S', 'S', 'Y', 'G', 'S', 'G', 'G', 'R', 'F']"
P8D,0.2,7.0,0.15,"['G', 'S', 'M', 'A', 'S', 'A', 'S', 'S', 'S', 'Q', 'R', 'D', 'R', 'S', 'G', 'S', 'G', 'N', 'F', 'G', 'G', 'G', 'R', 'D', 'G', 'G', 'F', 'G', 'G', 'N', 'D', 'N', 'F', 'G', 'R', 'G', 'D', 'N', 'F', 'S', 'G', 'R', 'G', 'D', 'F', 'G', 'G', 'S', 'R', 'D', 'G', 'G', 'G', 'Y', 'G', 'G', 'S', 'G', 'D', 'G', 'Y', 'N', 'G', 'F', 'G', 'N', 'D', 'G', 'S', 'N', 'F', 'G', 'G', 'G', 'G', 'S', 'Y', 'N', 'D', 'F', 'G', 'N', 'Y', 'N', 'N', 'Q', 'S', 'S', 'N', 'F', 'G', 'P', 'M', 'K', 'G', 'G', 'N', 'F', 'G', 'G', 'R', 'S', 'S', 'D', 'P', 'Y', 'G', 'G', 'G', 'G', 'Q', 'Y', 'F', 'A', 'K', 'P', 'R', 'N', 'Q', 'D', 'G', 'Y', 'G', 'G', 'S', 'S', 'S', 'S', 'S', 'S', 'Y', 'D', 'S', 'G', 'R', 'R', 'F']"
M9FP6Y,0.2,7.0,0.15,"['G', 'S', 'M', 'A', 'S', 'A', 'S', 'S', 'S', 'Q', 'R', 'G', 'R', 'S', 'G', 'S', 'G', 'N', 'F', 'G', 'G', 'G', 'R', 'G', 'G', 'G', 'Y', 'G', 'G', 'N', 'D', 'N', 'Y', 'G', 'R', 'G', 'G', 'N', 'Y', 'S', 'G', 'R', 'G', 'G', 'F', 'G', 'G', 'S', 'R', 'G', 'G', 'G', 'G', 'Y', 'G', 'G', 'S', 'G', 'D', 'G', 'Y', 'N', 'G', 'G', 'G', 'N', 'D', 'G', 'S', 'N', 'Y', 'G', 'G', 'G', 'G', 'S', 'Y', 'N', 'D', 'S', 'G', 'N', 'Y', 'N', 'N', 'Q', 'S', 'S', 'N', 'F', 'G', 'P', 'M', 'K', 'G', 'G', 'N', 'Y', 'G', 'G', 'R', 'S', 'S', 'G', 'G', 'S', 'G', 'G', 'G', 'G', 'Q', 'Y', 'G', 'A', 'K', 'P', 'R', 'N', 'Q', 'G', 'G', 'Y', 'G', 'G', 'S', 'S', 'S', 'S', 'S', 'S', 'Y', 'G', 'S', 'G', 'R', 'R', 'Y']"
M12FP12Y,0.2,7.0,0.15,"['G', 'S', 'M', 'A', 'S', 'A', 'S', 'S', 'S', 'Q', 'R', 'G', 'R', 'S', 'G', 'S', 'G', 'N', 'Y', 'G', 'G', 'G', 'R', 'G', 'G', 'G', 'Y', 'G', 'G', 'N', 'D', 'N', 'Y', 'G', 'R', 'G', 'G', 'N', 'Y', 'S', 'G', 'R', 'G', 'G', 'Y', 'G', 'G', 'S', 'R', 'G', 'G', 'G', 'G', 'Y', 'G', 'G', 'S', 'G', 'D', 'G', 'Y', 'N', 'G', 'Y', 'G', 'N', 'D', 'G', 'S', 'N', 'Y', 'G', 'G', 'G', 'G', 'S', 'Y', 'N', 'D', 'Y', 'G', 'N', 'Y', 'N', 'N', 'Q', 'S', 'S', 'N', 'Y', 'G', 'P', 'M', 'K', 'G', 'G', 'N', 'Y', 'G', 'G', 'R', 'S', 'S', 'G', 'G', 'S', 'G', 'G', 'G', 'G', 'Q', 'Y', 'Y', 'A', 'K', 'P', 'R', 'N', 'Q', 'G', 'G', 'Y', 'G', 'G', 'S', 'S', 'S', 'S', 'S', 'S', 'Y', 'G', 'S', 'G', 'R', 'R', 'Y']"
M9FP3Y,0.2,7.0,0.15,"['G', 'S', 'M', 'A', 'S', 'A', 'S', 'S', 'S', 'Q', 'R', 'G', 'R', 'S', 'G', 'S', 'G', 'N', 'F', 'G', 'G', 'G', 'R', 'G', 'G', 'G', 'Y', 'G', 'G', 'N', 'D', 'N', 'G', 'G', 'R', 'G', 'G', 'N', 'Y', 'S', 'G', 'R', 'G', 'G', 'F', 'G', 'G', 'S', 'R', 'G', 'G', 'G', 'G', 'Y', 'G', 'G', 'S', 'G', 'D', 'G', 'Y', 'N', 'G', 'G', 'G', 'N', 'D', 'G', 'S', 'N', 'Y', 'G', 'G', 'G', 'G', 'S', 'Y', 'N', 'D', 'S', 'G', 'N', 'G', 'N', 'N', 'Q', 'S', 'S', 'N', 'F', 'G', 'P', 'M', 'K', 'G', 'G', 'N', 'Y', 'G', 'G', 'R', 'S', 'S', 'G', 'G', 'S', 'G', 'G', 'G', 'G', 'Q', 'Y', 'G', 'A', 'K', 'P', 'R', 'N', 'Q', 'G', 'G', 'Y', 'G', 'G', 'S', 'S', 'S', 'S', 'S', 'S', 'Y', 'G', 'S', 'G', 'R', 'R', 'S']"
A1,0.2,7.0,0.15,"['G', 'S', 'M', 'A', 'S', 'A', 'S', 'S', 'S', 'Q', 'R', 'G', 'R', 'S', 'G', 'S', 'G', 'N', 'F', 'G', 'G', 'G', 'R', 'G', 'G', 'G', 'F', 'G', 'G', 'N', 'D', 'N', 'F', 'G', 'R', 'G', 'G', 'N', 'F', 'S', 'G', 'R', 'G', 'G', 'F', 'G', 'G', 'S', 'R', 'G', 'G', 'G', 'G', 'Y', 'G', 'G', 'S', 'G', 'D', 'G', 'Y', 'N', 'G', 'F', 'G', 'N', 'D', 'G', 'S', 'N', 'F', 'G', 'G', 'G', 'G', 'S', 'Y', 'N', 'D', 'F', 'G', 'N', 'Y', 'N', 'N', 'Q', 'S', 'S', 'N', 'F', 'G', 'P', 'M', 'K', 'G', 'G', 'N', 'F', 'G', 'G', 'R', 'S', 'S', 'G', 'G', 'S', 'G', 'G', 'G', 'G', 'Q', 'Y', 'F', 'A', 'K', 'P', 'R', 'N', 'Q', 'G', 'G', 'Y', 'G', 'G', 'S', 'S', 'S', 'S', 'S', 'S', 'Y', 'G', 'S', 'G', 'R', 'R', 'F']"
Ddx4WT,0.2,6.5,0.13,"['M', 'G', 'D', 'E', 'D', 'W', 'E', 'A', 'E', 'I', 'N', 'P', 'H', 'M', 'S', 'S', 'Y', 'V', 'P', 'I', 'F', 'E', 'K', 'D', 'R', 'Y', 'S', 'G', 'E', 'N', 'G', 'D', 'N', 'F', 'N', 'R', 'T', 'P', 'A', 'S', 'S', 'S', 'E', 'M', 'D', 'D', 'G', 'P', 'S', 'R', 'R', 'D', 'H', 'F', 'M', 'K', 'S', 'G', 'F', 'A', 'S', 'G', 'R', 'N', 'F', 'G', 'N', 'R', 'D', 'A', 'G', 'E', 'C', 'N', 'K', 'R', 'D', 'N', 'T', 'S', 'T', 'M', 'G', 'G', 'F', 'G', 'V', 'G', 'K', 'S', 'F', 'G', 'N', 'R', 'G', 'F', 'S', 'N', 'S', 'R', 'F', 'E', 'D', 'G', 'D', 'S', 'S', 'G', 'F', 'W', 'R', 'E', 'S', 'S', 'N', 'D', 'C', 'E', 'D', 'N', 'P', 'T', 'R', 'N', 'R', 'G', 'F', 'S', 'K', 'R', 'G', 'G', 'Y', 'R', 'D', 'G', 'N', 'N', 'S', 'E', 'A', 'S', 'G', 'P', 'Y', 'R', 'R', 'G', 'G', 'R', 'G', 'S', 'F', 'R', 'G', 'C', 'R', 'G', 'G', 'F', 'G', 'L', 'G', 'S', 'P', 'N', 'N', 'D', 'L', 'D', 'P', 'D', 'E', 'C', 'M', 'Q', 'R', 'T', 'G', 'G', 'L', 'F', 'G', 'S', 'R', 'R', 'P', 'V', 'L', 'S', 'G', 'T', 'G', 'N', 'G', 'D', 'T', 'S', 'Q', 'S', 'R', 'S', 'G', 'S', 'G', 'S', 'E', 'R', 'G', 'G', 'Y', 'K', 'G', 'L', 'N', 'E', 'E', 'V', 'I', 'T', 'G', 'S', 'G', 'K', 'N', 'S', 'W', 'K', 'S', 'E', 'A', 'E', 'G', 'G', 'E', 'S']"
Ddx4CS,0.2,6.5,0.13,"['M', 'G', 'D', 'R', 'D', 'W', 'R', 'A', 'E', 'I', 'N', 'P', 'H', 'M', 'S', 'S', 'Y', 'V', 'P', 'I', 'F', 'E', 'K', 'D', 'R', 'Y', 'S', 'G', 'E', 'N', 'G', 'R', 'N', 'F', 'N', 'D', 'T', 'P', 'A', 'S', 'S', 'S', 'E', 'M', 'R', 'D', 'G', 'P', 'S', 'E', 'R', 'D', 'H', 'F', 'M', 'K', 'S', 'G', 'F', 'A', 'S', 'G', 'D', 'N', 'F', 'G', 'N', 'R', 'D', 'A', 'G', 'K', 'C', 'N', 'E', 'R', 'D', 'N', 'T', 'S', 'T', 'M', 'G', 'G', 'F', 'G', 'V', 'G', 'K', 'S', 'F', 'G', 'N', 'E', 'G', 'F', 'S', 'N', 'S', 'R', 'F', 'E', 'R', 'G', 'D', 'S', 'S', 'G', 'F', 'W', 'R', 'E', 'S', 'S', 'N', 'D', 'C', 'R', 'D', 'N', 'P', 'T', 'R', 'N', 'D', 'G', 'F', 'S', 'D', 'R', 'G', 'G', 'Y', 'E', 'K', 'G', 'N', 'N', 'S', 'E', 'A', 'S', 'G', 'P', 'Y', 'E', 'R', 'G', 'G', 'R', 'G', 'S', 'F', 'D', 'G', 'C', 'R', 'G', 'G', 'F', 'G', 'L', 'G', 'S', 'P', 'N', 'N', 'R', 'L', 'D', 'P', 'R', 'E', 'C', 'M', 'Q', 'R', 'T', 'G', 'G', 'L', 'F', 'G', 'S', 'D', 'R', 'P', 'V', 'L', 'S', 'G', 'T', 'G', 'N', 'G', 'D', 'T', 'S', 'Q', 'S', 'R', 'S', 'G', 'S', 'G', 'S', 'E', 'R', 'G', 'G', 'Y', 'K', 'G', 'L', 'N', 'E', 'K', 'V', 'I', 'T', 'G', 'S', 'G', 'E', 'N', 'S', 'W', 'K', 'S', 'E', 'A', 'R', 'G', 'G', 'E', 'S']"
Ddx4RK,0.2,6.5,0.13,"['M', 'G', 'D', 'E', 'D', 'W', 'E', 'A', 'E', 'I', 'N', 'P', 'H', 'M', 'S', 'S', 'Y', 'V', 'P', 'I', 'F', 'E', 'K', 'D', 'K', 'Y', 'S', 'G', 'E', 'N', 'G', 'D', 'N', 'F', 'N', 'K', 'T', 'P', 'A', 'S', 'S', 'S', 'E', 'M', 'D', 'D', 'G', 'P', 'S', 'K', 'K', 'D', 'H', 'F', 'M', 'K', 'S', 'G', 'F', 'A', 'S', 'G', 'K', 'N', 'F', 'G', 'N', 'K', 'D', 'A', 'G', 'E', 'C', 'N', 'K', 'K', 'D', 'N', 'T', 'S', 'T', 'M', 'G', 'G', 'F', 'G', 'V', 'G', 'K', 'S', 'F', 'G', 'N', 'K', 'G', 'F', 'S', 'N', 'S', 'K', 'F', 'E', 'D', 'G', 'D', 'S', 'S', 'G', 'F', 'W', 'K', 'E', 'S', 'S', 'N', 'D', 'C', 'E', 'D', 'N', 'P', 'T', 'K', 'N', 'K', 'G', 'F', 'S', 'K', 'K', 'G', 'G', 'Y', 'K', 'D', 'G', 'N', 'N', 'S', 'E', 'A', 'S', 'G', 'P', 'Y', 'K', 'K', 'G', 'G', 'K', 'G', 'S', 'F', 'K', 'G', 'C', 'K', 'G', 'G', 'F', 'G', 'L', 'G', 'S', 'P', 'N', 'N', 'D', 'L', 'D', 'P', 'D', 'E', 'C', 'M', 'Q', 'K', 'T', 'G', 'G', 'L', 'F', 'G', 'S', 'K', 'K', 'P', 'V', 'L', 'S', 'G', 'T', 'G', 'N', 'G', 'D', 'T', 'S', 'Q', 'S', 'K', 'S', 'G', 'S', 'G', 'S', 'E', 'K', 'G', 'G', 'Y', 'K', 'G', 'L', 'N', 'E', 'E', 'V', 'I', 'T', 'G', 'S', 'G', 'K', 'N', 'S', 'W', 'K', 'S', 'E', 'A', 'E', 'G', 'G', 'E', 'S']"
Ddx4FA,0.2,6.5,0.13,"['M', 'G', 'D', 'E', 'D', 'W', 'E', 'A', 'E', 'I', 'N', 'P', 'H', 'M', 'S', 'S', 'Y', 'V', 'P', 'I', 'A', 'E', 'K', 'D', 'R', 'Y', 'S', 'G', 'E', 'N', 'G', 'D', 'N', 'A', 'N', 'R', 'T', 'P', 'A', 'S', 'S', 'S', 'E', 'M', 'D', 'D', 'G', 'P', 'S', 'R', 'R', 'D', 'H', 'A', 'M', 'K', 'S', 'G', 'A', 'A', 'S', 'G', 'R', 'N', 'A', 'G', 'N', 'R', 'D', 'A', 'G', 'E', 'C', 'N', 'K', 'R', 'D', 'N', 'T', 'S', 'T', 'M', 'G', 'G', 'A', 'G', 'V', 'G', 'K', 'S', 'A', 'G', 'N', 'R', 'G', 'A', 'S', 'N', 'S', 'R', 'A', 'E', 'D', 'G', 'D', 'S', 'S', 'G', 'A', 'W', 'R', 'E', 'S', 'S', 'N', 'D', 'C', 'E', 'D', 'N', 'P', 'T', 'R', 'N', 'R', 'G', 'A', 'S', 'K', 'R', 'G', 'G', 'Y', 'R', 'D', 'G', 'N', 'N', 'S', 'E', 'A', 'S', 'G', 'P', 'Y', 'R', 'R', 'G', 'G', 'R', 'G', 'S', 'A', 'R', 'G', 'C', 'R', 'G', 'G', 'A', 'G', 'L', 'G', 'S', 'P', 'N', 'N', 'D', 'L', 'D', 'P', 'D', 'E', 'C', 'M', 'Q', 'R', 'T', 'G', 'G', 'L', 'A', 'G', 'S', 'R', 'R', 'P', 'V', 'L', 'S', 'G', 'T', 'G', 'N', 'G', 'D', 'T', 'S', 'Q', 'S', 'R', 'S', 'G', 'S', 'G', 'S', 'E', 'R', 'G', 'G', 'Y', 'K', 'G', 'L', 'N', 'E', 'E', 'V', 'I', 'T', 'G', 'S', 'G', 'K', 'N', 'S', 'W', 'K', 'S', 'E', 'A', 'E', 'G', 'G', 'E', 'S']"
A2,0.2,5.5,0.01,"['G', 'H', 'M', 'G', 'R', 'G', 'G', 'N', 'F', 'G', 'F', 'G', 'D', 'S', 'R', 'G', 'G', 'G', 'G', 'N', 'F', 'G', 'P', 'G', 'P', 'G', 'S', 'N', 'F', 'R', 'G', 'G', 'S', 'D', 'G', 'Y', 'G', 'S', 'G', 'R', 'G', 'F', 'G', 'D', 'G', 'Y', 'N', 'G', 'Y', 'G', 'G', 'G', 'P', 'G', 'G', 'G', 'N', 'F', 'G', 'G', 'S', 'P', 'G', 'Y', 'G', 'G', 'G', 'R', 'G', 'G', 'Y', 'G', 'G', 'G', 'G', 'P', 'G', 'Y', 'G', 'N', 'Q', 'G', 'G', 'G', 'Y', 'G', 'G', 'G', 'Y', 'D', 'N', 'Y', 'G', 'G', 'G', 'N', 'Y', 'G', 'S', 'G', 'N', 'Y', 'N', 'D', 'F', 'G', 'N', 'Y', 'N', 'Q', 'Q', 'P', 'S', 'N', 'Y', 'G', 'P', 'M', 'K', 'S', 'G', 'N', 'F', 'G', 'G', 'S', 'R', 'N', 'M', 'G', 'G', 'P', 'Y', 'G', 'G', 'G', 'N', 'Y', 'G', 'P', 'G', 'G', 'S', 'G', 'G', 'S', 'G', 'G', 'Y', 'G', 'G', 'R', 'S', 'R', 'Y']"
A2NS,0.2,5.5,0.01,"['G', 'H', 'M', 'G', 'R', 'G', 'G', 'S', 'F', 'G', 'F', 'G', 'D', 'S', 'R', 'G', 'G', 'G', 'G', 'S', 'F', 'G', 'P', 'G', 'P', 'G', 'S', 'S', 'F', 'R', 'G', 'G', 'S', 'D', 'G', 'Y', 'G', 'S', 'G', 'R', 'G', 'F', 'G', 'D', 'G', 'Y', 'S', 'G', 'Y', 'G', 'G', 'G', 'P', 'G', 'G', 'G', 'S', 'F', 'G', 'G', 'S', 'P', 'G', 'Y', 'G', 'G', 'G', 'R', 'G', 'G', 'Y', 'G', 'G', 'G', 'G', 'P', 'G', 'Y', 'G', 'S', 'Q', 'G', 'G', 'G', 'Y', 'G', 'G', 'G', 'Y', 'D', 'S', 'Y', 'G', 'G', 'G', 'S', 'Y', 'G', 'S', 'G', 'S', 'Y', 'S', 'D', 'F', 'G', 'S', 'Y', 'S', 'Q', 'Q', 'P', 'S', 'S', 'Y', 'G', 'P', 'M', 'K', 'S', 'G', 'S', 'F', 'G', 'G', 'S', 'R', 'S', 'M', 'G', 'G', 'P', 'Y', 'G', 'G', 'G', 'S', 'Y', 'G', 'P', 'G', 'G', 'S', 'G', 'G', 'S', 'G', 'G', 'Y', 'G', 'G', 'R', 'S', 'R', 'Y']"
M10FP7RP12D,0.2,7.0,0.15,"['G', 'S', 'M', 'A', 'S', 'A', 'D', 'S', 'S', 'Q', 'R', 'D', 'R', 'D', 'D', 'R', 'G', 'N', 'F', 'G', 'D', 'G', 'R', 'G', 'G', 'G', 'G', 'G', 'G', 'N', 'D', 'N', 'F', 'G', 'R', 'G', 'G', 'N', 'G', 'S', 'D', 'R', 'G', 'G', 'G', 'G', 'G', 'S', 'R', 'G', 'D', 'G', 'R', 'Y', 'G', 'G', 'D', 'G', 'D', 'R', 'Y', 'N', 'G', 'G', 'G', 'N', 'D', 'G', 'R', 'N', 'G', 'G', 'G', 'G', 'G', 'S', 'Y', 'N', 'D', 'G', 'G', 'N', 'Y', 'N', 'N', 'Q', 'S', 'S', 'N', 'G', 'D', 'P', 'M', 'K', 'G', 'G', 'N', 'G', 'R', 'D', 'R', 'S', 'S', 'G', 'P', 'Y', 'D', 'R', 'G', 'G', 'Q', 'Y', 'G', 'A', 'K', 'P', 'R', 'N', 'Q', 'G', 'G', 'Y', 'G', 'G', 'S', 'S', 'S', 'S', 'R', 'S', 'Y', 'G', 'S', 'D', 'R', 'R', 'G']"
M6RP6K,0.2,7.0,0.15,"['G', 'S', 'M', 'A', 'S', 'A', 'S', 'S', 'S', 'Q', 'K', 'G', 'K', 'S', 'G', 'S', 'G', 'N', 'F', 'G', 'G', 'G', 'R', 'G', 'G', 'G', 'F', 'G', 'G', 'N', 'D', 'N', 'F', 'G', 'K', 'G', 'G', 'N', 'F', 'S', 'G', 'R', 'G', 'G', 'F', 'G', 'G', 'S', 'K', 'G', 'G', 'G', 'G', 'Y', 'G', 'G', 'S', 'G', 'D', 'G', 'Y', 'N', 'G', 'F', 'G', 'N', 'D', 'G', 'S', 'N', 'F', 'G', 'G', 'G', 'G', 'S', 'Y', 'N', 'D', 'F', 'G', 'N', 'Y', 'N', 'N', 'Q', 'S', 'S', 'N', 'F', 'G', 'P', 'M', 'K', 'G', 'G', 'N', 'F', 'G', 'G', 'K', 'S', 'S', 'G', 'G', 'S', 'G', 'G', 'G', 'G', 'Q', 'Y', 'F', 'A', 'K', 'P', 'R', 'N', 'Q', 'G', 'G', 'Y', 'G', 'G', 'S', 'S', 'S', 'S', 'S', 'S', 'Y', 'G', 'S', 'G', 'R', 'K', 'F']"
P7R,0.2,7.0,0.15,"['G', 'S', 'M', 'A', 'S', 'A', 'S', 'S', 'S', 'Q', 'R', 'G', 'R', 'S', 'G', 'R', 'G', 'N', 'F', 'G', 'G', 'G', 'R', 'G', 'G', 'G', 'F', 'G', 'G', 'N', 'D', 'N', 'F', 'G', 'R', 'G', 'G', 'N', 'F', 'S', 'G', 'R', 'G', 'G', 'F', 'G', 'G', 'S', 'R', 'G', 'G', 'G', 'R', 'Y', 'G', 'G', 'S', 'G', 'D', 'R', 'Y', 'N', 'G', 'F', 'G', 'N', 'D', 'G', 'R', 'N', 'F', 'G', 'G', 'G', 'G', 'S', 'Y', 'N', 'D', 'F', 'G', 'N', 'Y', 'N', 'N', 'Q', 'S', 'S', 'N', 'F', 'G', 'P', 'M', 'K', 'G', 'G', 'N', 'F', 'R', 'G', 'R', 'S', 'S', 'G', 'P', 'Y', 'G', 'R', 'G', 'G', 'Q', 'Y', 'F', 'A', 'K', 'P', 'R', 'N', 'Q', 'G', 'G', 'Y', 'G', 'G', 'S', 'S', 'S', 'S', 'R', 'S', 'Y', 'G', 'S', 'G', 'R', 'R', 'F']"
M3RP3K,0.2,7.0,0.15,"['G', 'S', 'M', 'A', 'S', 'A', 'S', 'S', 'S', 'Q', 'R', 'G', 'K', 'S', 'G', 'S', 'G', 'N', 'F', 'G', 'G', 'G', 'R', 'G', 'G', 'G', 'F', 'G', 'G', 'N', 'D', 'N', 'F', 'G', 'R', 'G', 'G', 'N', 'F', 'S', 'G', 'R', 'G', 'G', 'F', 'G', 'G', 'S', 'K', 'G', 'G', 'G', 'G', 'Y', 'G', 'G', 'S', 'G', 'D', 'G', 'Y', 'N', 'G', 'F', 'G', 'N', 'D', 'G', 'S', 'N', 'F', 'G', 'G', 'G', 'G', 'S', 'Y', 'N', 'D', 'F', 'G', 'N', 'Y', 'N', 'N', 'Q', 'S', 'S', 'N', 'F', 'G', 'P', 'M', 'K', 'G', 'G', 'N', 'F', 'G', 'G', 'R', 'S', 'S', 'G', 'G', 'S', 'G', 'G', 'G', 'G', 'Q', 'Y', 'F', 'A', 'K', 'P', 'R', 'N', 'Q', 'G', 'G', 'Y', 'G', 'G', 'S', 'S', 'S', 'S', 'S', 'S', 'Y', 'G', 'S', 'G', 'R', 'K', 'F']"
P7KP12D,0.2,7.0,0.15,"['G', 'S', 'M', 'A', 'S', 'A', 'D', 'S', 'S', 'Q', 'R', 'D', 'R', 'D', 'D', 'K', 'G', 'N', 'F', 'G', 'D', 'G', 'R', 'G', 'G', 'G', 'F', 'G', 'G', 'N', 'D', 'N', 'F', 'G', 'R', 'G', 'G', 'N', 'F', 'S', 'D', 'R', 'G', 'G', 'F', 'G', 'G', 'S', 'R', 'G', 'D', 'G', 'K', 'Y', 'G', 'G', 'D', 'G', 'D', 'K', 'Y', 'N', 'G', 'F', 'G', 'N', 'D', 'G', 'K', 'N', 'F', 'G', 'G', 'G', 'G', 'S', 'Y', 'N', 'D', 'F', 'G', 'N', 'Y', 'N', 'N', 'Q', 'S', 'S', 'N', 'F', 'D', 'P', 'M', 'K', 'G', 'G', 'N', 'F', 'K', 'D', 'R', 'S', 'S', 'G', 'P', 'Y', 'D', 'K', 'G', 'G', 'Q', 'Y', 'F', 'A', 'K', 'P', 'R', 'N', 'Q', 'G', 'G', 'Y', 'G', 'G', 'S', 'S', 'S', 'S', 'K', 'S', 'Y', 'G', 'S', 'D', 'R', 'R', 'F']"
P2R,0.2,7.0,0.15,"['G', 'S', 'M', 'A', 'S', 'A', 'S', 'S', 'S', 'Q', 'R', 'G', 'R', 'S', 'G', 'S', 'G', 'N', 'F', 'G', 'G', 'G', 'R', 'G', 'G', 'G', 'F', 'G', 'G', 'N', 'D', 'N', 'F', 'G', 'R', 'G', 'G', 'N', 'F', 'S', 'G', 'R', 'G', 'G', 'F', 'G', 'G', 'S', 'R', 'G', 'G', 'G', 'G', 'Y', 'G', 'G', 'S', 'G', 'D', 'G', 'Y', 'N', 'G', 'F', 'R', 'N', 'D', 'G', 'S', 'N', 'F', 'G', 'G', 'G', 'G', 'R', 'Y', 'N', 'D', 'F', 'G', 'N', 'Y', 'N', 'N', 'Q', 'S', 'S', 'N', 'F', 'G', 'P', 'M', 'K', 'G', 'G', 'N', 'F', 'G', 'G', 'R', 'S', 'S', 'G', 'P', 'Y', 'G', 'G', 'G', 'G', 'Q', 'Y', 'F', 'A', 'K', 'P', 'R', 'N', 'Q', 'G', 'G', 'Y', 'G', 'G', 'S', 'S', 'S', 'S', 'S', 'S', 'Y', 'G', 'S', 'G', 'R', 'R', 'F']"
P12D,0.2,7.0,0.15,"['G', 'S', 'M', 'A', 'S', 'A', 'D', 'S', 'S', 'Q', 'R', 'D', 'R', 'D', 'D', 'S', 'G', 'N', 'F', 'G', 'D', 'G', 'R', 'G', 'G', 'G', 'F', 'G', 'G', 'N', 'D', 'N', 'F', 'G', 'R', 'G', 'G', 'N', 'F', 'S', 'D', 'R', 'G', 'G', 'F', 'G', 'G', 'S', 'R', 'G', 'D', 'G', 'G', 'Y', 'G', 'G', 'D', 'G', 'D', 'G', 'Y', 'N', 'G', 'F', 'G', 'N', 'D', 'G', 'S', 'N', 'F', 'G', 'G', 'G', 'G', 'S', 'Y', 'N', 'D', 'F', 'G', 'N', 'Y', 'N', 'N', 'Q', 'S', 'S', 'N', 'F', 'D', 'P', 'M', 'K', 'G', 'G', 'N', 'F', 'G', 'D', 'R', 'S', 'S', 'G', 'P', 'Y', 'D', 'G', 'G', 'G', 'Q', 'Y', 'F', 'A', 'K', 'P', 'R', 'N', 'Q', 'G', 'G', 'Y', 'G', 'G', 'S', 'S', 'S', 'S', 'S', 'S', 'Y', 'G', 'S', 'D', 'R', 'R', 'F']"
A1NLS,0.2,7.0,0.15,"['G', 'S', 'M', 'A', 'S', 'A', 'S', 'S', 'S', 'Q', 'R', 'G', 'R', 'S', 'G', 'S', 'G', 'N', 'F', 'G', 'G', 'G', 'R', 'G', 'G', 'G', 'F', 'G', 'G', 'N', 'D', 'N', 'F', 'G', 'R', 'G', 'G', 'N', 'F', 'S', 'G', 'R', 'G', 'G', 'F', 'G', 'G', 'S', 'R', 'G', 'G', 'G', 'G', 'Y', 'G', 'G', 'S', 'G', 'D', 'G', 'Y', 'N', 'G', 'F', 'G', 'N', 'D', 'G', 'S', 'N', 'F', 'G', 'G', 'G', 'G', 'S', 'Y', 'N', 'D', 'F', 'G', 'N', 'Y', 'N', 'N', 'Q', 'S', 'S', 'N', 'F', 'G', 'P', 'M', 'K', 'G', 'G', 'N', 'F', 'G', 'G', 'R', 'S', 'S', 'G', 'P', 'Y', 'G', 'G', 'G', 'G', 'Q', 'Y', 'F', 'A', 'K', 'P', 'R', 'N', 'Q', 'G', 'G', 'Y', 'G', 'G', 'S', 'S', 'S', 'S', 'S', 'S', 'Y', 'G', 'S', 'G', 'R', 'R', 'F']"
LAF1,0.2,7.5,0.15,"['M', 'E', 'S', 'N', 'Q', 'S', 'N', 'N', 'G', 'G', 'S', 'G', 'N', 'A', 'A', 'L', 'N', 'R', 'G', 'G', 'R', 'Y', 'V', 'P', 'P', 'H', 'L', 'R', 'G', 'G', 'D', 'G', 'G', 'A', 'A', 'A', 'A', 'A', 'S', 'A', 'G', 'G', 'D', 'D', 'R', 'R', 'G', 'G', 'A', 'G', 'G', 'G', 'G', 'Y', 'R', 'R', 'G', 'G', 'G', 'N', 'S', 'G', 'G', 'G', 'G', 'G', 'G', 'G', 'Y', 'D', 'R', 'G', 'Y', 'N', 'D', 'N', 'R', 'D', 'D', 'R', 'D', 'N', 'R', 'G', 'G', 'S', 'G', 'G', 'Y', 'G', 'R', 'D', 'R', 'N', 'Y', 'E', 'D', 'R', 'G', 'Y', 'N', 'G', 'G', 'G', 'G', 'G', 'G', 'G', 'N', 'R', 'G', 'Y', 'N', 'N', 'N', 'R', 'G', 'G', 'G', 'G', 'G', 'G', 'Y', 'N', 'R', 'Q', 'D', 'R', 'G', 'D', 'G', 'G', 'S', 'S', 'N', 'F', 'S', 'R', 'G', 'G', 'Y', 'N', 'N', 'R', 'D', 'E', 'G', 'S', 'D', 'N', 'R', 'G', 'S', 'G', 'R', 'S', 'Y', 'N', 'N', 'D', 'R', 'R', 'D', 'N', 'G', 'G', 'D', 'G', 'L', 'E', 'H', 'H', 'H', 'H', 'H', 'H']"
LAF1_80,0.2,7.5,0.08,"['M', 'E', 'S', 'N', 'Q', 'S', 'N', 'N', 'G', 'G', 'S', 'G', 'N', 'A', 'A', 'L', 'N', 'R', 'G', 'G', 'R', 'Y', 'V', 'P', 'P', 'H', 'L', 'R', 'G', 'G', 'D', 'G', 'G', 'A', 'A', 'A', 'A', 'A', 'S', 'A', 'G', 'G', 'D', 'D', 'R', 'R', 'G', 'G', 'A', 'G', 'G', 'G', 'G', 'Y', 'R', 'R', 'G', 'G', 'G', 'N', 'S', 'G', 'G', 'G', 'G', 'G', 'G', 'G', 'Y', 'D', 'R', 'G', 'Y', 'N', 'D', 'N', 'R', 'D', 'D', 'R', 'D', 'N', 'R', 'G', 'G', 'S', 'G', 'G', 'Y', 'G', 'R', 'D', 'R', 'N', 'Y', 'E', 'D', 'R', 'G', 'Y', 'N', 'G', 'G', 'G', 'G', 'G', 'G', 'G', 'N', 'R', 'G', 'Y', 'N', 'N', 'N', 'R', 'G', 'G', 'G', 'G', 'G', 'G', 'Y', 'N', 'R', 'Q', 'D', 'R', 'G', 'D', 'G', 'G', 'S', 'S', 'N', 'F', 'S', 'R', 'G', 'G', 'Y', 'N', 'N', 'R', 'D', 'E', 'G', 'S', 'D', 'N', 'R', 'G', 'S', 'G', 'R', 'S', 'Y', 'N', 'N', 'D', 'R', 'R', 'D', 'N', 'G', 'G', 'D', 'G', 'L', 'E', 'H', 'H', 'H', 'H', 'H', 'H']"
LAF1D2130,0.2,7.5,0.15,"['M', 'E', 'S', 'N', 'Q', 'S', 'N', 'N', 'G', 'G', 'S', 'G', 'N', 'A', 'A', 'L', 'N', 'R', 'G', 'G', 'D', 'G', 'G', 'A', 'A', 'A', 'A', 'A', 'S', 'A', 'G', 'G', 'D', 'D', 'R', 'R', 'G', 'G', 'A', 'G', 'G', 'G', 'G', 'Y', 'R', 'R', 'G', 'G', 'G', 'N', 'S', 'G', 'G', 'G', 'G', 'G', 'G', 'G', 'Y', 'D', 'R', 'G', 'Y', 'N', 'D', 'N', 'R', 'D', 'D', 'R', 'D', 'N', 'R', 'G', 'G', 'S', 'G', 'G', 'Y', 'G', 'R', 'D', 'R', 'N', 'Y', 'E', 'D', 'R', 'G', 'Y', 'N', 'G', 'G', 'G', 'G', 'G', 'G', 'G', 'N', 'R', 'G', 'Y', 'N', 'N', 'N', 'R', 'G', 'G', 'G', 'G', 'G', 'G', 'Y', 'N', 'R', 'Q', 'D', 'R', 'G', 'D', 'G', 'G', 'S', 'S', 'N', 'F', 'S', 'R', 'G', 'G', 'Y', 'N', 'N', 'R', 'D', 'E', 'G', 'S', 'D', 'N', 'R', 'G', 'S', 'G', 'R', 'S', 'Y', 'N', 'N', 'D', 'R', 'R', 'D', 'N', 'G', 'G', 'D', 'G', 'L', 'E', 'H', 'H', 'H', 'H', 'H', 'H']"
LAF1shuf,0.2,7.5,0.15,"['M', 'N', 'N', 'S', 'G', 'D', 'N', 'D', 'R', 'G', 'S', 'G', 'N', 'Y', 'G', 'L', 'R', 'N', 'S', 'F', 'G', 'D', 'D', 'G', 'Y', 'G', 'D', 'N', 'G', 'N', 'D', 'E', 'G', 'N', 'S', 'G', 'Y', 'R', 'N', 'R', 'G', 'L', 'G', 'G', 'D', 'R', 'A', 'D', 'E', 'Y', 'G', 'N', 'S', 'G', 'G', 'N', 'G', 'D', 'N', 'E', 'A', 'A', 'P', 'N', 'A', 'S', 'D', 'R', 'D', 'D', 'A', 'H', 'Y', 'Y', 'D', 'S', 'D', 'D', 'Y', 'D', 'D', 'G', 'G', 'G', 'G', 'R', 'G', 'S', 'G', 'G', 'A', 'G', 'G', 'G', 'G', 'A', 'R', 'G', 'P', 'G', 'S', 'N', 'R', 'A', 'G', 'R', 'Y', 'G', 'G', 'G', 'G', 'R', 'R', 'G', 'R', 'G', 'R', 'G', 'N', 'G', 'Y', 'N', 'G', 'N', 'R', 'S', 'Q', 'R', 'R', 'R', 'G', 'G', 'G', 'R', 'G', 'R', 'G', 'N', 'R', 'G', 'Y', 'R', 'V', 'G', 'N', 'G', 'N', 'G', 'Q', 'S', 'G', 'G', 'R', 'N', 'S', 'R', 'G', 'G', 'G', 'G', 'G', 'N', 'G', 'G', 'A', 'N', 'Y', 'G', 'L', 'E', 'H', 'H', 'H', 'H', 'H', 'H']"
LAF1300,0.2,7.5,0.15,"['M', 'E', 'S', 'N', 'Q', 'S', 'N', 'N', 'G', 'G', 'S', 'G', 'N', 'A', 'A', 'L', 'N', 'R', 'G', 'G', 'R', 'Y', 'V', 'P', 'P', 'H', 'L', 'R', 'G', 'G', 'D', 'G', 'G', 'A', 'A', 'A', 'A', 'A', 'S', 'A', 'G', 'G', 'D', 'D', 'R', 'R', 'G', 'G', 'A', 'G', 'G', 'G', 'G', 'Y', 'R', 'R', 'G', 'G', 'G', 'N', 'S', 'G', 'G', 'G', 'G', 'G', 'G', 'G', 'Y', 'D', 'R', 'G', 'Y', 'N', 'D', 'N', 'R', 'D', 'D', 'R', 'D', 'N', 'R', 'G', 'G', 'S', 'G', 'G', 'Y', 'G', 'R', 'D', 'R', 'N', 'Y', 'E', 'D', 'R', 'G', 'Y', 'N', 'G', 'G', 'G', 'G', 'G', 'G', 'G', 'N', 'R', 'G', 'Y', 'N', 'N', 'N', 'R', 'G', 'G', 'G', 'G', 'G', 'G', 'Y', 'N', 'R', 'Q', 'D', 'R', 'G', 'D', 'G', 'G', 'S', 'S', 'N', 'F', 'S', 'R', 'G', 'G', 'Y', 'N', 'N', 'R', 'D', 'E', 'G', 'S', 'D', 'N', 'R', 'G', 'S', 'G', 'R', 'S', 'Y', 'N', 'N', 'D', 'R', 'R', 'D', 'N', 'G', 'G', 'D', 'G', 'L', 'E', 'H', 'H', 'H', 'H', 'H', 'H']"
LAF1HOOMD,0.2,7.5,0.15,"['M', 'E', 'S', 'N', 'Q', 'S', 'N', 'N', 'G', 'G', 'S', 'G', 'N', 'A', 'A', 'L', 'N', 'R', 'G', 'G', 'R', 'Y', 'V', 'P', 'P', 'H', 'L', 'R', 'G', 'G', 'D', 'G', 'G', 'A', 'A', 'A', 'A', 'A', 'S', 'A', 'G', 'G', 'D', 'D', 'R', 'R', 'G', 'G', 'A', 'G', 'G', 'G', 'G', 'Y', 'R', 'R', 'G', 'G', 'G', 'N', 'S', 'G', 'G', 'G', 'G', 'G', 'G', 'G', 'Y', 'D', 'R', 'G', 'Y', 'N', 'D', 'N', 'R', 'D', 'D', 'R', 'D', 'N', 'R', 'G', 'G', 'S', 'G', 'G', 'Y', 'G', 'R', 'D', 'R', 'N', 'Y', 'E', 'D', 'R', 'G', 'Y', 'N', 'G', 'G', 'G', 'G', 'G', 'G', 'G', 'N', 'R', 'G', 'Y', 'N', 'N', 'N', 'R', 'G', 'G', 'G', 'G', 'G', 'G', 'Y', 'N', 'R', 'Q', 'D', 'R', 'G', 'D', 'G', 'G', 'S', 'S', 'N', 'F', 'S', 'R', 'G', 'G', 'Y', 'N', 'N', 'R', 'D', 'E', 'G', 'S', 'D', 'N', 'R', 'G', 'S', 'G', 'R', 'S', 'Y', 'N', 'N', 'D', 'R', 'R', 'D', 'N', 'G', 'G', 'D', 'G', 'L', 'E', 'H', 'H', 'H', 'H', 'H', 'H']"
LAF1300D2130,0.2,7.5,0.15,"['M', 'E', 'S', 'N', 'Q', 'S', 'N', 'N', 'G', 'G', 'S', 'G', 'N', 'A', 'A', 'L', 'N', 'R', 'G', 'G', 'R', 'Y', 'V', 'P', 'P', 'H', 'L', 'R', 'G', 'G', 'D', 'G', 'G', 'A', 'A', 'A', 'A', 'A', 'S', 'A', 'G', 'G', 'D', 'D', 'R', 'R', 'G', 'G', 'A', 'G', 'G', 'G', 'G', 'Y', 'R', 'R', 'G', 'G', 'G', 'N', 'S', 'G', 'G', 'G', 'G', 'G', 'G', 'G', 'Y', 'D', 'R', 'G', 'Y', 'N', 'D', 'N', 'R', 'D', 'D', 'R', 'D', 'N', 'R', 'G', 'G', 'S', 'G', 'G', 'Y', 'G', 'R', 'D', 'R', 'N', 'Y', 'E', 'D', 'R', 'G', 'Y', 'N', 'G', 'G', 'G', 'G', 'G', 'G', 'G', 'N', 'R', 'G', 'Y', 'N', 'N', 'N', 'R', 'G', 'G', 'G', 'G', 'G', 'G', 'Y', 'N', 'R', 'Q', 'D', 'R', 'G', 'D', 'G', 'G', 'S', 'S', 'N', 'F', 'S', 'R', 'G', 'G', 'Y', 'N', 'N', 'R', 'D', 'E', 'G', 'S', 'D', 'N', 'R', 'G', 'S', 'G', 'R', 'S', 'Y', 'N', 'N', 'D', 'R', 'R', 'D', 'N', 'G', 'G', 'D', 'G', 'L', 'E', 'H', 'H', 'H', 'H', 'H', 'H']"
LAF1300shuf,0.2,7.5,0.15,"['M', 'E', 'S', 'N', 'Q', 'S', 'N', 'N', 'G', 'G', 'S', 'G', 'N', 'A', 'A', 'L', 'N', 'R', 'G', 'G', 'R', 'Y', 'V', 'P', 'P', 'H', 'L', 'R', 'G', 'G', 'D', 'G', 'G', 'A', 'A', 'A', 'A', 'A', 'S', 'A', 'G', 'G', 'D', 'D', 'R', 'R', 'G', 'G', 'A', 'G', 'G', 'G', 'G', 'Y', 'R', 'R', 'G', 'G', 'G', 'N', 'S', 'G', 'G', 'G', 'G', 'G', 'G', 'G', 'Y', 'D', 'R', 'G', 'Y', 'N', 'D', 'N', 'R', 'D', 'D', 'R', 'D', 'N', 'R', 'G', 'G', 'S', 'G', 'G', 'Y', 'G', 'R', 'D', 'R', 'N', 'Y', 'E', 'D', 'R', 'G', 'Y', 'N', 'G', 'G', 'G', 'G', 'G', 'G', 'G', 'N', 'R', 'G', 'Y', 'N', 'N', 'N', 'R', 'G', 'G', 'G', 'G', 'G', 'G', 'Y', 'N', 'R', 'Q', 'D', 'R', 'G', 'D', 'G', 'G', 'S', 'S', 'N', 'F', 'S', 'R', 'G', 'G', 'Y', 'N', 'N', 'R', 'D', 'E', 'G', 'S', 'D', 'N', 'R', 'G', 'S', 'G', 'R', 'S', 'Y', 'N', 'N', 'D', 'R', 'R', 'D', 'N', 'G', 'G', 'D', 'G', 'L', 'E', 'H', 'H', 'H', 'H', 'H', 'H']"
LAF1300_80,0.2,7.5,0.08,"['M', 'E', 'S', 'N', 'Q', 'S', 'N', 'N', 'G', 'G', 'S', 'G', 'N', 'A', 'A', 'L', 'N', 'R', 'G', 'G', 'R', 'Y', 'V', 'P', 'P', 'H', 'L', 'R', 'G', 'G', 'D', 'G', 'G', 'A', 'A', 'A', 'A', 'A', 'S', 'A', 'G', 'G', 'D', 'D', 'R', 'R', 'G', 'G', 'A', 'G', 'G', 'G', 'G', 'Y', 'R', 'R', 'G', 'G', 'G', 'N', 'S', 'G', 'G', 'G', 'G', 'G', 'G', 'G', 'Y', 'D', 'R', 'G', 'Y', 'N', 'D', 'N', 'R', 'D', 'D', 'R', 'D', 'N', 'R', 'G', 'G', 'S', 'G', 'G', 'Y', 'G', 'R', 'D', 'R', 'N', 'Y', 'E', 'D', 'R', 'G', 'Y', 'N', 'G', 'G', 'G', 'G', 'G', 'G', 'G', 'N', 'R', 'G', 'Y', 'N', 'N', 'N', 'R', 'G', 'G', 'G', 'G', 'G', 'G', 'Y', 'N', 'R', 'Q', 'D', 'R', 'G', 'D', 'G', 'G', 'S', 'S', 'N', 'F', 'S', 'R', 'G', 'G', 'Y', 'N', 'N', 'R', 'D', 'E', 'G', 'S', 'D', 'N', 'R', 'G', 'S', 'G', 'R', 'S', 'Y', 'N', 'N', 'D', 'R', 'R', 'D', 'N', 'G', 'G', 'D', 'G', 'L', 'E', 'H', 'H', 'H', 'H', 'H', 'H']"
Ddx4CSHOOMD,0.2,6.5,0.13,"['M', 'G', 'D', 'R', 'D', 'W', 'R', 'A', 'E', 'I', 'N', 'P', 'H', 'M', 'S', 'S', 'Y', 'V', 'P', 'I', 'F', 'E', 'K', 'D', 'R', 'Y', 'S', 'G', 'E', 'N', 'G', 'R', 'N', 'F', 'N', 'D', 'T', 'P', 'A', 'S', 'S', 'S', 'E', 'M', 'R', 'D', 'G', 'P', 'S', 'E', 'R', 'D', 'H', 'F', 'M', 'K', 'S', 'G', 'F', 'A', 'S', 'G', 'D', 'N', 'F', 'G', 'N', 'R', 'D', 'A', 'G', 'K', 'C', 'N', 'E', 'R', 'D', 'N', 'T', 'S', 'T', 'M', 'G', 'G', 'F', 'G', 'V', 'G', 'K', 'S', 'F', 'G', 'N', 'E', 'G', 'F', 'S', 'N', 'S', 'R', 'F', 'E', 'R', 'G', 'D', 'S', 'S', 'G', 'F', 'W', 'R', 'E', 'S', 'S', 'N', 'D', 'C', 'R', 'D', 'N', 'P', 'T', 'R', 'N', 'D', 'G', 'F', 'S', 'D', 'R', 'G', 'G', 'Y', 'E', 'K', 'G', 'N', 'N', 'S', 'E', 'A', 'S', 'G', 'P', 'Y', 'E', 'R', 'G', 'G', 'R', 'G', 'S', 'F', 'D', 'G', 'C', 'R', 'G', 'G', 'F', 'G', 'L', 'G', 'S', 'P', 'N', 'N', 'R', 'L', 'D', 'P', 'R', 'E', 'C', 'M', 'Q', 'R', 'T', 'G', 'G', 'L', 'F', 'G', 'S', 'D', 'R', 'P', 'V', 'L', 'S', 'G', 'T', 'G', 'N', 'G', 'D', 'T', 'S', 'Q', 'S', 'R', 'S', 'G', 'S', 'G', 'S', 'E', 'R', 'G', 'G', 'Y', 'K', 'G', 'L', 'N', 'E', 'K', 'V', 'I', 'T', 'G', 'S', 'G', 'E', 'N', 'S', 'W', 'K', 'S', 'E', 'A', 'R', 'G', 'G', 'E', 'S']"
Q5-8_20,0.2,6.5,0.1,"['M', 'S', 'K', 'G', 'P', 'G', 'R', 'G', 'D', 'Q', 'P', 'Y', 'Q', 'G', 'R', 'G', 'D', 'Q', 'P', 'Y', 'Q', 'G', 'R', 'G', 'D', 'Q', 'P', 'Y', 'Q', 'G', 'R', 'G', 'D', 'Q', 'P', 'Y', 'Q', 'G', 'R', 'G', 'D', 'Q', 'P', 'Y', 'Q', 'G', 'R', 'G', 'D', 'Q', 'P', 'Y', 'Q', 'G', 'R', 'G', 'D', 'Q', 'P', 'Y', 'Q', 'G', 'R', 'G', 'D', 'Q', 'P', 'Y', 'Q', 'G', 'R', 'G', 'D', 'Q', 'P', 'Y', 'Q', 'G', 'R', 'G', 'D', 'Q', 'P', 'Y', 'Q', 'G', 'R', 'G', 'D', 'Q', 'P', 'Y', 'Q', 'G', 'R', 'G', 'D', 'Q', 'P', 'Y', 'Q', 'G', 'R', 'G', 'D', 'Q', 'P', 'Y', 'Q', 'G', 'R', 'G', 'D', 'Q', 'P', 'Y', 'Q', 'G', 'R', 'G', 'D', 'Q', 'P', 'Y', 'Q', 'G', 'R', 'G', 'D', 'Q', 'P', 'Y', 'Q', 'G', 'R', 'G', 'D', 'Q', 'P', 'Y', 'Q', 'G', 'R', 'G', 'D', 'Q', 'P', 'Y', 'Q', 'G', 'R', 'G', 'D', 'Q', 'P', 'Y', 'Q', 'G', 'R', 'G', 'D', 'Q', 'P', 'Y', 'Q', 'G', 'Y']"
Q5-8_24,0.2,6.5,0.1,"['M', 'S', 'K', 'G', 'P', 'G', 'R', 'G', 'D', 'Q', 'P', 'Y', 'Q', 'G', 'R', 'G', 'D', 'Q', 'P', 'Y', 'Q', 'G', 'R', 'G', 'D', 'Q', 'P', 'Y', 'Q', 'G', 'R', 'G', 'D', 'Q', 'P', 'Y', 'Q', 'G', 'R', 'G', 'D', 'Q', 'P', 'Y', 'Q', 'G', 'R', 'G', 'D', 'Q', 'P', 'Y', 'Q', 'G', 'R', 'G', 'D', 'Q', 'P', 'Y', 'Q', 'G', 'R', 'G', 'D', 'Q', 'P', 'Y', 'Q', 'G', 'R', 'G', 'D', 'Q', 'P', 'Y', 'Q', 'G', 'R', 'G', 'D', 'Q', 'P', 'Y', 'Q', 'G', 'R', 'G', 'D', 'Q', 'P', 'Y', 'Q', 'G', 'R', 'G', 'D', 'Q', 'P', 'Y', 'Q', 'G', 'R', 'G', 'D', 'Q', 'P', 'Y', 'Q', 'G', 'R', 'G', 'D', 'Q', 'P', 'Y', 'Q', 'G', 'R', 'G', 'D', 'Q', 'P', 'Y', 'Q', 'G', 'R', 'G', 'D', 'Q', 'P', 'Y', 'Q', 'G', 'R', 'G', 'D', 'Q', 'P', 'Y', 'Q', 'G', 'R', 'G', 'D', 'Q', 'P', 'Y', 'Q', 'G', 'R', 'G', 'D', 'Q', 'P', 'Y', 'Q', 'G', 'R', 'G', 'D', 'Q', 'P', 'Y', 'Q', 'G', 'R', 'G', 'D', 'Q', 'P', 'Y', 'Q', 'G', 'R', 'G', 'D', 'Q', 'P', 'Y', 'Q', 'G', 'R', 'G', 'D', 'Q', 'P', 'Y', 'Q', 'G', 'R', 'G', 'D', 'Q', 'P', 'Y', 'Q', 'G', 'Y']"
Q5-8_30,0.2,6.5,0.1,"['M', 'S', 'K', 'G', 'P', 'G', 'R', 'G', 'D', 'Q', 'P', 'Y', 'Q', 'G', 'R', 'G', 'D', 'Q', 'P', 'Y', 'Q', 'G', 'R', 'G', 'D', 'Q', 'P', 'Y', 'Q', 'G', 'R', 'G', 'D', 'Q', 'P', 'Y', 'Q', 'G', 'R', 'G', 'D', 'Q', 'P', 'Y', 'Q', 'G', 'R', 'G', 'D', 'Q', 'P', 'Y', 'Q', 'G', 'R', 'G', 'D', 'Q', 'P', 'Y', 'Q', 'G', 'R', 'G', 'D', 'Q', 'P', 'Y', 'Q', 'G', 'R', 'G', 'D', 'Q', 'P', 'Y', 'Q', 'G', 'R', 'G', 'D', 'Q', 'P', 'Y', 'Q', 'G', 'R', 'G', 'D', 'Q', 'P', 'Y', 'Q', 'G', 'R', 'G', 'D', 'Q', 'P', 'Y', 'Q', 'G', 'R', 'G', 'D', 'Q', 'P', 'Y', 'Q', 'G', 'R', 'G', 'D', 'Q', 'P', 'Y', 'Q', 'G', 'R', 'G', 'D', 'Q', 'P', 'Y', 'Q', 'G', 'R', 'G', 'D', 'Q', 'P', 'Y', 'Q', 'G', 'R', 'G', 'D', 'Q', 'P', 'Y', 'Q', 'G', 'R', 'G', 'D', 'Q', 'P', 'Y', 'Q', 'G', 'R', 'G', 'D', 'Q', 'P', 'Y', 'Q', 'G', 'R', 'G', 'D', 'Q', 'P', 'Y', 'Q', 'G', 'R', 'G', 'D', 'Q', 'P', 'Y', 'Q', 'G', 'R', 'G', 'D', 'Q', 'P', 'Y', 'Q', 'G', 'R', 'G', 'D', 'Q', 'P', 'Y', 'Q', 'G', 'R', 'G', 'D', 'Q', 'P', 'Y', 'Q', 'G', 'R', 'G', 'D', 'Q', 'P', 'Y', 'Q', 'G', 'R', 'G', 'D', 'Q', 'P', 'Y', 'Q', 'G', 'R', 'G', 'D', 'Q', 'P', 'Y', 'Q', 'G', 'R', 'G', 'D', 'Q', 'P', 'Y', 'Q', 'G', 'R', 'G', 'D', 'Q', 'P', 'Y', 'Q', 'G', 'R', 'G', 'D', 'Q', 'P', 'Y', 'Q', 'G', 'Y']"
